,Exhbitor Name,Url
0,Tsi Group,
1,Sunwin Stevia International,
2,Shanghai Dj Creative International,
3,"Shandong Yuxin Bio-Tech Co.,Ltd",
4,Shandong Shengxiangyuan Biotechnology,
5,"Shandong Longda Bio-Products Co.,Ltd",
6,Shandong Baisheng Biotechnology,
7,Rousselot- Darling Ingredients,http://www.rousselot.com
8,Ricebran Technologies,http://www.ricebrantech.com
9,Renewal Mill,http://www.renewalmill.com
10,"Qingdao Super Evergreen Imp&Exp Co., Ltd",
11,"Qingdao Shengda Commercial&Trade Co.,Ltd",
12,Plt Health Solutions,http://www.plthealth.com
13,Planetarians,http://www.planetarians.com
14,Pharmhe Global Corp,http://www.pharmhe.com
15,Pennakem,http://www.pennakem.com
16,Nutraceuticals World,
17,Molinos Asociados Sac,http://www.molinosasociados.com
18,Milne Microdried,http://www.milnefruit.com
19,"Liverd Pharma Co., Tld.",http://www.biozymeusa.com
20,Jiangsu Conat Biological Products,
21,Innophos Inc.,http://www.innophos.com
22,"Inner Mongolia Rejuve Biotech Co.,Ltd",
23,Improved Nature,http://www.improvednature.com
24,Gold Coast Ingredients Inc.,http://www.goldcoastinc.com
25,Food & Drink Business Europe,http://www.fdbusiness.com
26,Etter Seed & Processing Ltd.,http://www.etterseed.com
27,"Baoji Oasier Bio-Tech Co., Ltd.",
28,Balchem,
29,Aloe Jaumave S.A. De C.V.,http://www.aloejaumave.com
30,Alaskomega,http://www.alaskomega.com
31,Agropur,http://www.agropuringredients.com
32,Agri-Mark Dairy Proteins,http://www.agrimarkwheyproteins.com
